rollout/ep_len_mean,time/fps,time/time_elapsed,rollout/exploration_rate,time/episodes,time/total_timesteps,rollout/ep_rew_mean,eval/mean_ep_length,eval/mean_reward
2316.217391304348,1513,9,0.01,100,14396,257.4782608695652,,
2403.2916666666665,1527,19,0.01,200,29692,263.375,,
,,,0.01,,40000,,2098.2,33.6
2396.27397260274,1332,32,0.01,300,43960,258.90410958904107,,
