rollout/exploration_rate,rollout/ep_rew_mean,time/episodes,time/total_timesteps,time/fps,time/time_elapsed,rollout/ep_len_mean,eval/mean_reward,eval/mean_ep_length
0.01,257.4782608695652,100,14396,1487,9,2316.217391304348,,
0.01,263.375,200,29692,1503,19,2403.2916666666665,,
0.01,,,40000,,,,33.6,2098.2
0.01,258.90410958904107,300,43960,1326,33,2396.27397260274,,
