rollout/exploration_rate,time/total_timesteps,time/episodes,rollout/ep_len_mean,time/time_elapsed,time/fps,rollout/ep_rew_mean,eval/mean_ep_length,eval/mean_reward
0.01,14396,100,2316.217391304348,9,1451,257.4782608695652,,
0.01,29692,200,2403.2916666666665,20,1481,263.375,,
0.01,40000,,,,,,2098.2,33.6
0.01,43960,300,2396.27397260274,33,1297,258.90410958904107,,
