rollout/exploration_rate,time/fps,time/time_elapsed,rollout/ep_len_mean,time/total_timesteps,rollout/ep_rew_mean,time/episodes,eval/mean_ep_length,eval/mean_reward
0.01,1447,9,2316.217391304348,14396,257.4782608695652,100,,
0.01,1482,20,2403.2916666666665,29692,263.375,200,,
0.01,,,,40000,,,2098.2,33.6
0.01,1297,33,2396.27397260274,43960,258.90410958904107,300,,
