rollout/ep_rew_mean,rollout/ep_len_mean,time/time_elapsed,rollout/exploration_rate,time/episodes,time/total_timesteps,time/fps,eval/mean_reward,eval/mean_ep_length
257.4782608695652,2316.217391304348,9,0.01,100,14396,1493,,
263.375,2403.2916666666665,19,0.01,200,29692,1527,,
,,,0.01,,40000,,33.6,2098.2
258.90410958904107,2396.27397260274,32,0.01,300,43960,1335,,
