rollout/exploration_rate,time/time_elapsed,time/episodes,rollout/ep_len_mean,time/total_timesteps,time/fps,rollout/ep_rew_mean,eval/mean_ep_length,eval/mean_reward
0.01,9,100,2316.217391304348,14396,1495,257.4782608695652,,
0.01,19,200,2403.2916666666665,29692,1532,263.375,,
0.01,,,,40000,,,2098.2,33.6
0.01,32,300,2396.27397260274,43960,1338,258.90410958904107,,
