time/fps,time/time_elapsed,time/total_timesteps,rollout/exploration_rate,rollout/ep_len_mean,time/episodes,rollout/ep_rew_mean,eval/mean_reward,eval/mean_ep_length
1431,10,14396,0.01,2316.217391304348,100,257.4782608695652,,
1462,20,29692,0.01,2403.2916666666665,200,263.375,,
,,40000,0.01,,,,33.6,2098.2
1291,34,43960,0.01,2396.27397260274,300,258.90410958904107,,
