time/fps,time/total_timesteps,rollout/ep_len_mean,time/episodes,rollout/exploration_rate,rollout/ep_rew_mean,time/time_elapsed,eval/mean_reward,eval/mean_ep_length
1473,14396,2316.217391304348,100,0.01,257.4782608695652,9,,
1501,29692,2403.2916666666665,200,0.01,263.375,19,,
,40000,,,0.01,,,33.6,2098.2
1317,43960,2396.27397260274,300,0.01,258.90410958904107,33,,
