time/total_timesteps,rollout/ep_len_mean,rollout/ep_rew_mean,time/fps,rollout/exploration_rate,time/time_elapsed,time/episodes,eval/mean_reward,eval/mean_ep_length
14396,2316.217391304348,257.4782608695652,1423,0.01,10,100,,
29692,2403.2916666666665,263.375,1442,0.01,20,200,,
40000,,,,0.01,,,33.6,2098.2
43960,2396.27397260274,258.90410958904107,1270,0.01,34,300,,
