time/episodes,rollout/ep_rew_mean,time/total_timesteps,time/time_elapsed,rollout/ep_len_mean,rollout/exploration_rate,time/fps,eval/mean_reward,eval/mean_ep_length
100,257.4782608695652,14396,10,2316.217391304348,0.01,1393,,
200,263.375,29692,20,2403.2916666666665,0.01,1439,,
,,40000,,,0.01,,33.6,2098.2
300,258.90410958904107,43960,34,2396.27397260274,0.01,1262,,
