time/time_elapsed,time/episodes,rollout/ep_rew_mean,rollout/ep_len_mean,time/total_timesteps,time/fps,rollout/exploration_rate,eval/mean_reward,eval/mean_ep_length
9,100,257.4782608695652,2316.217391304348,14396,1534,0.01,,
19,200,263.375,2403.2916666666665,29692,1558,0.01,,
,,,,40000,,0.01,33.6,2098.2
32,300,258.90410958904107,2396.27397260274,43960,1337,0.01,,
