time/episodes,time/total_timesteps,rollout/ep_len_mean,time/fps,rollout/ep_rew_mean,rollout/exploration_rate,time/time_elapsed,eval/mean_ep_length,eval/mean_reward
100,14396,2316.217391304348,1450,257.4782608695652,0.05,9,,
200,29692,2403.2916666666665,1482,263.375,0.05,20,,
,40000,,,,0.05,,2098.2,33.6
300,43960,2396.27397260274,1301,258.90410958904107,0.05,33,,
