rollout/ep_rew_mean,time/fps,time/total_timesteps,rollout/exploration_rate,time/episodes,rollout/ep_len_mean,time/time_elapsed,eval/mean_ep_length,eval/mean_reward
257.4782608695652,1445,14396,0.05,100,2316.217391304348,9,,
263.375,1474,29692,0.05,200,2403.2916666666665,20,,
,,40000,0.05,,,,2098.2,33.6
258.90410958904107,1295,43960,0.05,300,2396.27397260274,33,,
