rollout/exploration_rate,time/fps,time/time_elapsed,time/total_timesteps,time/episodes,rollout/ep_len_mean,rollout/ep_rew_mean,eval/mean_reward,eval/mean_ep_length
0.02,1508,9,14396,100,2316.217391304348,257.4782608695652,,
0.02,1553,19,29692,200,2403.2916666666665,263.375,,
0.02,,,40000,,,,33.6,2098.2
0.02,1358,32,43960,300,2396.27397260274,258.90410958904107,,
