rollout/ep_len_mean,rollout/exploration_rate,time/fps,time/time_elapsed,time/total_timesteps,time/episodes,rollout/ep_rew_mean,eval/mean_reward,eval/mean_ep_length
2316.217391304348,0.02,1483,9,14396,100,257.4782608695652,,
2403.2916666666665,0.02,1503,19,29692,200,263.375,,
,0.02,,,40000,,,33.6,2098.2
2396.27397260274,0.02,1310,33,43960,300,258.90410958904107,,
